user_id,date,steps,calories_burned,resting_hr,sleep_hours,calories_consumed,carbs_g,protein_g,fat_g,workout_label,nutrition_label
0,2025-09-1,15795,2360,64,8.1,3138,221,112,106,rest_day,high_protein
1,2025-09-2,4426,2982,73,5.3,1630,249,82,21,light_walk,calorie_control
2,2025-09-3,2433,2715,70,7.3,1521,352,137,108,light_walk,high_protein
3,2025-09-4,8666,2582,77,9.8,3306,289,91,66,rest_day,balanced_plate
4,2025-09-5,3005,2062,52,9.0,2146,120,102,58,light_walk,high_protein
5,2025-09-6,10627,2100,63,8.7,2863,191,140,79,rest_day,high_protein
6,2025-09-7,15787,2008,57,3.2,3753,180,65,69,recovery_high_steps,balanced_plate
7,2025-09-8,3943,2911,51,6.0,2629,359,83,112,light_walk,carb_boost
8,2025-09-9,12990,1901,75,6.1,1701,369,124,67,intense_workout,high_protein
9,2025-09-10,11534,1955,63,4.4,2516,289,69,104,rest_day,balanced_plate
10,2025-09-11,8529,2378,73,5.5,2263,287,138,60,rest_day,high_protein
11,2025-09-12,5276,1514,50,3.1,2867,228,137,27,rest_day,high_protein
12,2025-09-13,15422,2662,66,8.0,1918,388,34,60,rest_day,carb_boost
13,2025-09-14,19483,1634,58,7.4,2002,161,117,56,rest_day,high_protein
14,2025-09-15,19115,3395,71,9.2,2460,326,130,66,intense_workout,high_protein
15,2025-09-16,13773,2142,50,8.1,2002,354,43,46,rest_day,carb_boost
16,2025-09-17,206,2538,75,3.2,2984,278,92,115,gentle_stretching,balanced_plate
17,2025-09-18,19174,2764,81,7.9,3778,336,44,62,intense_workout,carb_boost
18,2025-09-19,1059,2024,81,7.2,3319,165,71,64,light_walk,balanced_plate
19,2025-09-20,9789,3476,55,6.2,3143,143,113,49,rest_day,high_protein
20,2025-09-21,10173,2854,77,5.5,3737,324,30,46,intense_workout,carb_boost
21,2025-09-22,6776,2127,62,9.0,2209,236,91,56,rest_day,balanced_plate
22,2025-09-23,13545,2183,73,9.6,3131,332,81,81,intense_workout,carb_boost
23,2025-09-24,13808,1941,61,4.8,3136,212,85,100,recovery_high_steps,balanced_plate
24,2025-09-25,17082,1612,51,6.5,3089,442,130,115,rest_day,high_protein
25,2025-09-26,7392,1884,68,7.8,2576,271,119,51,rest_day,high_protein
26,2025-09-27,4931,2962,60,5.6,1900,354,67,43,light_walk,carb_boost
27,2025-09-28,8004,2383,83,7.4,3430,339,45,116,rest_day,carb_boost
28,2025-09-29,9339,1686,55,7.9,3294,247,88,55,rest_day,balanced_plate
29,2025-09-30,6546,2869,52,8.7,3234,407,134,52,rest_day,high_protein
30,2025-09-1,18343,3163,88,9.6,2140,366,121,76,intense_workout,high_protein
31,2025-09-2,6616,3469,72,6.8,3134,362,45,109,rest_day,carb_boost
32,2025-09-3,9208,3095,51,10.0,3801,239,98,56,rest_day,balanced_plate
33,2025-09-4,7158,1508,90,5.4,3755,230,49,43,rest_day,balanced_plate
34,2025-09-5,12183,2127,60,9.5,2943,203,113,118,rest_day,high_protein
35,2025-09-6,2557,2996,84,9.8,3419,465,111,85,light_walk,high_protein
36,2025-09-7,2869,2686,65,10.0,1660,167,62,33,light_walk,calorie_control
37,2025-09-8,3987,3027,57,8.9,1900,227,62,67,light_walk,balanced_plate
38,2025-09-9,4555,2454,71,4.9,3193,137,131,70,light_walk,high_protein
39,2025-09-10,10677,3299,76,6.0,2297,196,57,83,intense_workout,reduce_protein_add_carbs
40,2025-09-11,5600,1952,68,7.0,2715,148,46,63,rest_day,reduce_protein_add_carbs
41,2025-09-12,18589,1976,55,5.6,3268,136,53,112,recovery_high_steps,reduce_protein_add_carbs
42,2025-09-13,301,1680,80,9.7,2492,215,92,104,light_walk,balanced_plate
43,2025-09-14,2975,2684,52,4.2,3316,322,83,77,light_walk,carb_boost
44,2025-09-15,5442,3395,73,4.5,3186,226,56,21,rest_day,balanced_plate
45,2025-09-16,12249,2284,89,7.9,1745,275,68,112,intense_workout,calorie_control
46,2025-09-17,5801,2258,75,8.7,2420,112,89,26,rest_day,balanced_plate
47,2025-09-18,12323,2184,69,7.5,1899,241,105,106,rest_day,high_protein
48,2025-09-19,13403,2877,51,6.1,3482,441,80,44,rest_day,carb_boost
49,2025-09-20,16958,2713,71,7.1,3852,279,71,89,intense_workout,balanced_plate
50,2025-09-21,15338,1943,86,6.7,3095,207,34,87,intense_workout,balanced_plate
51,2025-09-22,876,2491,79,6.8,1768,469,135,49,light_walk,high_protein
52,2025-09-23,8311,2330,68,6.1,3474,445,130,109,rest_day,high_protein
53,2025-09-24,8308,3353,72,6.0,3431,228,87,20,rest_day,balanced_plate
54,2025-09-25,13407,3161,74,7.6,2396,371,90,83,intense_workout,carb_boost
55,2025-09-26,9662,2080,71,8.1,1653,243,80,105,rest_day,calorie_control
56,2025-09-27,19128,2808,63,3.6,2508,193,139,81,recovery_high_steps,high_protein
57,2025-09-28,11151,1717,75,6.4,2050,199,62,113,intense_workout,balanced_plate
58,2025-09-29,4452,1522,59,9.6,3989,195,30,88,light_walk,reduce_protein_add_carbs
59,2025-09-30,16364,2015,65,3.5,3282,357,142,111,recovery_high_steps,high_protein
60,2025-09-1,851,3187,61,5.7,3927,132,62,80,gentle_stretching,balanced_plate
61,2025-09-2,2738,2950,86,7.4,2940,267,103,62,light_walk,high_protein
62,2025-09-3,10636,1511,80,5.6,2253,134,116,100,intense_workout,high_protein
63,2025-09-4,16281,2469,75,5.4,1614,204,36,87,recovery_high_steps,calorie_control
64,2025-09-5,17209,3024,60,9.1,2228,376,65,29,rest_day,carb_boost
65,2025-09-6,5988,1956,73,8.6,2622,135,111,115,rest_day,high_protein
66,2025-09-7,7357,3259,86,4.7,3048,378,118,118,rest_day,high_protein
67,2025-09-8,13584,3404,69,8.8,2865,496,88,38,rest_day,carb_boost
68,2025-09-9,14512,3135,61,9.7,1575,364,100,47,rest_day,carb_boost
69,2025-09-10,17101,2234,68,6.5,1643,472,98,118,rest_day,carb_boost
70,2025-09-11,4491,2548,70,8.3,2667,156,68,72,light_walk,balanced_plate
71,2025-09-12,11174,1897,80,3.4,2738,320,136,94,intense_workout,high_protein
72,2025-09-13,6801,2250,61,7.8,2453,352,131,26,rest_day,high_protein
73,2025-09-14,13964,2691,58,8.8,2717,104,58,56,rest_day,reduce_protein_add_carbs
74,2025-09-15,13807,2888,50,9.2,3180,426,118,64,rest_day,high_protein
75,2025-09-16,3141,2775,80,6.4,2705,266,120,93,light_walk,high_protein
76,2025-09-17,15485,2974,62,5.8,2581,247,121,91,recovery_high_steps,high_protein
77,2025-09-18,13116,2394,90,8.2,3934,447,91,82,intense_workout,carb_boost
78,2025-09-19,1531,2892,74,9.1,2433,216,35,77,light_walk,balanced_plate
79,2025-09-20,3627,2184,81,6.9,2314,248,109,104,light_walk,high_protein
80,2025-09-21,11003,2752,85,6.9,3055,146,134,68,intense_workout,high_protein
81,2025-09-22,5645,2666,80,10.0,1970,111,103,115,rest_day,high_protein
82,2025-09-23,11023,2467,87,6.2,2167,472,37,111,intense_workout,carb_boost
83,2025-09-24,3719,2197,77,3.5,1540,327,93,46,light_walk,carb_boost
84,2025-09-25,14837,2458,66,5.0,3536,311,106,111,recovery_high_steps,high_protein
85,2025-09-26,17308,2408,84,8.8,3117,470,98,66,intense_workout,carb_boost
86,2025-09-27,10136,1949,59,9.5,2376,104,148,52,rest_day,high_protein
87,2025-09-28,2193,1723,60,7.2,1562,316,115,78,light_walk,high_protein
88,2025-09-29,6938,2188,62,3.4,3652,198,30,40,rest_day,reduce_protein_add_carbs
89,2025-09-30,8175,2322,55,7.8,3168,457,32,72,rest_day,carb_boost
90,2025-09-1,3636,2176,59,8.9,2668,184,107,92,light_walk,high_protein
91,2025-09-2,5997,1500,62,4.5,1948,468,133,51,rest_day,high_protein
92,2025-09-3,3419,1594,57,3.2,1749,261,83,22,light_walk,calorie_control
93,2025-09-4,4363,3484,54,3.6,2262,412,46,66,light_walk,carb_boost
94,2025-09-5,15254,2730,86,7.3,2077,174,80,57,intense_workout,balanced_plate
95,2025-09-6,13051,2237,87,7.3,2858,446,80,82,intense_workout,carb_boost
96,2025-09-7,10209,2831,87,6.2,2858,129,148,70,intense_workout,high_protein
97,2025-09-8,10320,1632,78,4.0,3731,429,46,103,intense_workout,carb_boost
98,2025-09-9,4164,2045,55,6.4,1704,225,136,62,light_walk,high_protein
99,2025-09-10,12015,3494,72,3.9,3642,473,45,27,recovery_high_steps,carb_boost
100,2025-09-11,12647,2399,74,9.3,2166,192,61,69,intense_workout,balanced_plate
101,2025-09-12,11314,2926,70,4.2,2103,269,90,41,rest_day,balanced_plate
102,2025-09-13,13716,2337,50,6.7,2023,445,75,53,rest_day,carb_boost
103,2025-09-14,10160,2601,75,7.8,3796,146,115,75,intense_workout,high_protein
104,2025-09-15,12394,2330,66,4.9,2780,107,142,118,recovery_high_steps,high_protein
105,2025-09-16,17660,3215,64,6.8,1555,313,43,109,rest_day,carb_boost
106,2025-09-17,8150,1577,73,8.0,2025,286,85,26,rest_day,balanced_plate
107,2025-09-18,5122,3146,72,6.6,3274,373,67,118,rest_day,carb_boost
108,2025-09-19,1906,2538,74,8.2,3575,301,68,76,light_walk,carb_boost
109,2025-09-20,17680,2754,71,5.3,2036,244,42,103,recovery_high_steps,balanced_plate
110,2025-09-21,6168,3103,59,8.5,3656,245,140,119,rest_day,high_protein
111,2025-09-22,14369,2122,57,7.1,3972,200,35,71,rest_day,balanced_plate
112,2025-09-23,15679,3261,55,7.2,2812,249,50,89,rest_day,balanced_plate
113,2025-09-24,1605,3026,53,9.0,3897,194,53,74,light_walk,reduce_protein_add_carbs
114,2025-09-25,13046,2398,80,5.9,2419,322,35,85,recovery_high_steps,carb_boost
115,2025-09-26,8659,3255,60,9.1,2145,217,142,113,rest_day,high_protein
116,2025-09-27,18935,2446,51,6.9,2915,125,80,64,rest_day,balanced_plate
117,2025-09-28,6469,2933,53,6.0,1724,119,142,31,rest_day,high_protein
118,2025-09-29,2048,1589,63,5.0,3328,481,40,119,light_walk,carb_boost
119,2025-09-30,6988,1758,82,5.6,3539,109,34,42,rest_day,reduce_protein_add_carbs
120,2025-09-1,9865,1671,51,5.3,3119,420,92,92,rest_day,carb_boost
121,2025-09-2,19216,2276,60,6.3,3538,193,124,68,rest_day,high_protein
122,2025-09-3,17988,1817,63,9.5,2660,175,128,54,rest_day,high_protein
123,2025-09-4,18944,2819,71,3.3,2872,427,40,33,recovery_high_steps,carb_boost
124,2025-09-5,15524,1504,68,7.7,1631,188,138,61,rest_day,high_protein
125,2025-09-6,18520,1901,89,6.2,2115,113,61,70,intense_workout,balanced_plate
126,2025-09-7,7804,1921,82,8.2,3690,252,46,116,rest_day,balanced_plate
127,2025-09-8,11246,2002,51,6.8,3651,138,80,89,rest_day,balanced_plate
128,2025-09-9,17586,3491,64,9.2,2812,330,56,55,rest_day,carb_boost
129,2025-09-10,18588,2049,82,7.9,2450,388,97,105,intense_workout,carb_boost
130,2025-09-11,4612,3158,59,5.4,3432,258,76,119,light_walk,balanced_plate
131,2025-09-12,6359,2447,64,8.6,3594,423,105,64,rest_day,high_protein
132,2025-09-13,15770,1594,85,6.8,3334,382,98,39,intense_workout,carb_boost
133,2025-09-14,12298,2777,59,5.4,2211,122,76,109,recovery_high_steps,balanced_plate
134,2025-09-15,10541,1862,61,9.4,2484,210,133,79,rest_day,high_protein
135,2025-09-16,19915,2503,85,9.4,3363,226,135,111,intense_workout,high_protein
136,2025-09-17,11641,3428,78,3.7,2930,356,75,40,intense_workout,carb_boost
137,2025-09-18,3417,3145,85,3.9,3354,154,144,59,light_walk,high_protein
138,2025-09-19,2708,2954,58,8.2,1701,412,146,45,light_walk,high_protein
139,2025-09-20,13224,3326,74,9.0,1885,490,111,110,intense_workout,high_protein
140,2025-09-21,3600,2139,73,7.0,2703,297,146,107,light_walk,high_protein
141,2025-09-22,13472,1676,78,7.1,2161,253,57,104,intense_workout,balanced_plate
142,2025-09-23,17350,2348,69,6.2,1647,217,115,111,rest_day,high_protein
143,2025-09-24,9916,2883,56,7.2,2489,314,80,75,rest_day,carb_boost
144,2025-09-25,2079,2169,78,7.4,3000,385,45,59,light_walk,carb_boost
145,2025-09-26,18449,2268,63,8.0,1693,212,143,113,rest_day,high_protein
146,2025-09-27,5797,2446,53,4.3,1554,458,32,51,rest_day,carb_boost
147,2025-09-28,4873,2981,68,7.5,3634,154,121,51,light_walk,high_protein
148,2025-09-29,19846,2872,57,3.2,3358,354,101,73,recovery_high_steps,high_protein
149,2025-09-30,19694,2752,52,9.2,2787,390,125,107,rest_day,high_protein
150,2025-09-1,9503,2643,65,5.8,1664,281,114,33,rest_day,high_protein
151,2025-09-2,15070,2322,67,3.1,2274,260,52,104,recovery_high_steps,balanced_plate
152,2025-09-3,3452,2414,85,7.5,1581,101,30,66,light_walk,reduce_protein_add_carbs
153,2025-09-4,19978,2245,51,5.5,1895,119,34,56,recovery_high_steps,reduce_protein_add_carbs
154,2025-09-5,13221,2779,79,5.5,2576,454,145,105,recovery_high_steps,high_protein
155,2025-09-6,17771,2803,66,9.1,3606,314,125,100,rest_day,high_protein
156,2025-09-7,3186,2732,63,8.2,1736,380,132,92,light_walk,high_protein
157,2025-09-8,17685,2758,53,3.9,3576,208,127,106,recovery_high_steps,high_protein
158,2025-09-9,8996,1574,55,9.4,3589,455,70,57,rest_day,carb_boost
159,2025-09-10,7184,3200,74,6.5,2087,186,146,105,rest_day,high_protein
160,2025-09-11,18458,3348,80,9.1,1667,197,41,72,intense_workout,reduce_protein_add_carbs
161,2025-09-12,8646,2405,66,5.9,2201,221,75,83,rest_day,balanced_plate
162,2025-09-13,3067,3345,50,3.6,2894,381,58,40,light_walk,carb_boost
163,2025-09-14,6819,2636,88,7.3,2833,197,84,43,rest_day,balanced_plate
164,2025-09-15,4853,1905,54,6.4,3285,135,140,39,light_walk,high_protein
165,2025-09-16,15826,3262,66,6.5,1864,300,55,85,rest_day,balanced_plate
166,2025-09-17,1524,1572,58,5.5,3164,316,90,62,gentle_stretching,carb_boost
167,2025-09-18,18023,1541,74,4.7,1630,328,137,63,recovery_high_steps,high_protein
168,2025-09-19,9650,3001,87,7.1,3822,200,73,78,rest_day,balanced_plate
169,2025-09-20,4090,2316,66,9.7,3020,402,41,81,light_walk,carb_boost
170,2025-09-21,11855,1715,68,8.1,3250,473,109,89,rest_day,high_protein
171,2025-09-22,5319,3060,67,6.4,1988,464,55,66,rest_day,carb_boost
172,2025-09-23,4873,2539,56,10.0,3317,185,36,33,light_walk,reduce_protein_add_carbs
173,2025-09-24,4430,2128,56,5.1,3021,414,116,112,light_walk,high_protein
174,2025-09-25,6737,2746,79,3.4,1901,202,46,33,rest_day,balanced_plate
175,2025-09-26,9374,2675,84,6.9,2621,230,66,62,rest_day,balanced_plate
176,2025-09-27,2983,2485,72,3.5,2872,496,111,52,light_walk,high_protein
177,2025-09-28,13737,2631,51,3.2,2045,350,148,32,recovery_high_steps,high_protein
178,2025-09-29,15775,3131,84,3.5,2313,128,91,112,recovery_high_steps,balanced_plate
179,2025-09-30,8436,2247,65,9.1,2762,476,39,49,rest_day,carb_boost
180,2025-09-1,17304,2882,69,8.2,3550,241,149,49,rest_day,high_protein
181,2025-09-2,2033,1823,67,4.6,1931,292,82,98,light_walk,balanced_plate
182,2025-09-3,2632,1898,73,3.9,3734,392,90,62,light_walk,carb_boost
183,2025-09-4,4805,2306,73,6.3,3368,325,54,90,light_walk,carb_boost
184,2025-09-5,14899,2271,57,9.6,2833,472,144,93,rest_day,high_protein
185,2025-09-6,7274,1725,75,3.3,3806,475,35,24,rest_day,carb_boost
186,2025-09-7,18180,1553,72,9.2,2543,477,142,80,intense_workout,high_protein
187,2025-09-8,10106,3013,84,8.3,3609,244,117,22,intense_workout,high_protein
188,2025-09-9,7906,2280,74,7.2,3433,456,127,30,rest_day,high_protein
189,2025-09-10,18024,2451,52,4.9,2718,325,105,61,recovery_high_steps,high_protein
190,2025-09-11,13774,1539,74,6.9,2454,325,117,98,intense_workout,high_protein
191,2025-09-12,4133,1827,54,3.3,2413,136,89,67,light_walk,balanced_plate
192,2025-09-13,3020,2295,54,9.9,2637,139,74,115,light_walk,balanced_plate
193,2025-09-14,16701,1848,52,5.4,3389,139,120,96,recovery_high_steps,high_protein
194,2025-09-15,1312,2785,73,8.6,3639,452,88,78,light_walk,carb_boost
195,2025-09-16,18088,2280,74,9.5,1855,290,56,57,intense_workout,balanced_plate
196,2025-09-17,16106,2056,80,8.8,3910,257,68,50,intense_workout,balanced_plate
197,2025-09-18,18787,2781,63,8.3,3047,394,95,115,rest_day,carb_boost
198,2025-09-19,9882,2636,90,7.4,2199,443,138,54,rest_day,high_protein
199,2025-09-20,1007,2849,68,8.3,2085,332,125,117,light_walk,high_protein
200,2025-09-21,1435,2071,64,9.5,2488,377,97,39,light_walk,carb_boost
201,2025-09-22,18271,1983,53,5.1,2540,111,51,36,recovery_high_steps,reduce_protein_add_carbs
202,2025-09-23,8073,2385,50,3.4,3757,405,43,83,rest_day,carb_boost
203,2025-09-24,17070,1784,61,8.2,2750,480,105,26,rest_day,high_protein
204,2025-09-25,11296,3169,64,8.7,2069,125,127,65,rest_day,high_protein
205,2025-09-26,13025,2808,53,6.0,3944,138,44,48,rest_day,reduce_protein_add_carbs
206,2025-09-27,10396,2598,81,3.6,2473,183,51,94,intense_workout,reduce_protein_add_carbs
207,2025-09-28,19280,2905,77,8.1,3850,456,88,103,intense_workout,carb_boost
208,2025-09-29,16133,3182,54,9.9,2069,479,67,34,rest_day,carb_boost
209,2025-09-30,11425,3480,84,3.2,2292,379,41,37,intense_workout,carb_boost
210,2025-09-1,5390,1991,65,6.8,2583,244,122,72,rest_day,high_protein
211,2025-09-2,8711,2090,76,8.9,3535,298,32,112,rest_day,balanced_plate
212,2025-09-3,17343,3463,73,9.4,2026,252,123,97,intense_workout,high_protein
213,2025-09-4,11536,3417,69,6.0,3201,418,115,21,rest_day,high_protein
214,2025-09-5,16967,1894,62,4.0,1773,419,111,114,recovery_high_steps,high_protein
215,2025-09-6,8357,3067,60,7.9,3543,201,70,27,rest_day,balanced_plate
216,2025-09-7,17162,1713,73,4.0,3195,179,83,105,recovery_high_steps,balanced_plate
217,2025-09-8,16019,2172,59,8.4,1741,452,31,116,rest_day,carb_boost
218,2025-09-9,14056,3496,79,3.2,3663,253,51,85,recovery_high_steps,balanced_plate
219,2025-09-10,15525,2370,75,7.8,1642,205,148,63,intense_workout,high_protein
220,2025-09-11,18279,3494,52,9.3,3556,361,102,114,rest_day,high_protein
221,2025-09-12,552,2893,61,9.1,3213,447,91,103,light_walk,carb_boost
222,2025-09-13,13629,1610,56,7.6,1707,487,35,77,rest_day,carb_boost
223,2025-09-14,16405,1909,52,3.3,2373,113,104,101,recovery_high_steps,high_protein
224,2025-09-15,15349,2535,72,7.6,3060,400,144,38,intense_workout,high_protein
225,2025-09-16,19811,2184,57,9.1,3856,282,61,70,rest_day,balanced_plate
226,2025-09-17,10181,2413,68,4.6,1811,460,88,22,rest_day,carb_boost
227,2025-09-18,14025,2254,84,4.5,3482,306,126,26,recovery_high_steps,high_protein
228,2025-09-19,7005,3248,80,5.9,3571,392,33,111,rest_day,carb_boost
229,2025-09-20,3453,2031,73,6.8,2107,204,65,117,light_walk,balanced_plate
230,2025-09-21,12003,2077,64,9.3,3297,394,71,77,rest_day,carb_boost
231,2025-09-22,9461,2136,61,5.7,2029,139,50,34,rest_day,reduce_protein_add_carbs
232,2025-09-23,19975,1599,79,4.3,2439,113,107,21,recovery_high_steps,high_protein
233,2025-09-24,374,1792,54,3.5,2052,417,147,79,gentle_stretching,high_protein
234,2025-09-25,1646,1513,88,5.5,1629,330,99,36,gentle_stretching,carb_boost
235,2025-09-26,2113,2686,86,3.1,2972,263,74,42,light_walk,balanced_plate
236,2025-09-27,3374,1786,60,9.2,2129,369,109,93,light_walk,high_protein
237,2025-09-28,5724,3301,61,8.8,2780,232,49,27,rest_day,balanced_plate
238,2025-09-29,13994,2471,50,4.8,3503,383,136,56,recovery_high_steps,high_protein
239,2025-09-30,19118,2727,86,8.5,3155,143,85,47,intense_workout,balanced_plate
240,2025-09-1,17774,3242,55,4.4,2456,469,107,21,recovery_high_steps,high_protein
241,2025-09-2,968,2010,86,9.6,3666,134,99,78,light_walk,balanced_plate
242,2025-09-3,6980,2684,63,7.8,1775,280,143,107,rest_day,high_protein
243,2025-09-4,5370,3334,83,5.3,2708,138,124,75,rest_day,high_protein
244,2025-09-5,6638,1926,72,7.7,3698,483,74,71,rest_day,carb_boost
245,2025-09-6,1969,2245,57,9.8,1628,363,58,115,light_walk,carb_boost
246,2025-09-7,13669,2016,71,4.8,3858,218,119,62,recovery_high_steps,high_protein
247,2025-09-8,15504,3061,57,9.1,2087,427,118,65,rest_day,high_protein
248,2025-09-9,3072,2670,80,7.6,2827,168,134,109,light_walk,high_protein
249,2025-09-10,8125,2743,51,10.0,2074,172,62,60,rest_day,balanced_plate
250,2025-09-11,12975,2280,58,3.6,1988,423,127,23,recovery_high_steps,high_protein
251,2025-09-12,4114,2977,83,8.3,2500,378,112,94,light_walk,high_protein
252,2025-09-13,3712,2867,56,3.0,2210,242,50,38,light_walk,balanced_plate
253,2025-09-14,2875,2104,74,7.2,2235,390,73,109,light_walk,carb_boost
254,2025-09-15,11530,2366,57,7.7,2461,364,32,104,rest_day,carb_boost
255,2025-09-16,6471,2315,51,6.4,2677,252,41,24,rest_day,balanced_plate
256,2025-09-17,16353,1803,86,4.7,3263,370,72,67,recovery_high_steps,carb_boost
257,2025-09-18,16173,1997,70,4.4,2514,435,76,34,recovery_high_steps,carb_boost
258,2025-09-19,8906,1550,64,4.4,1640,374,63,97,rest_day,carb_boost
259,2025-09-20,6012,2463,76,9.5,2679,390,37,35,rest_day,carb_boost
260,2025-09-21,16489,2943,79,8.0,3637,444,123,94,intense_workout,high_protein
261,2025-09-22,1286,2874,59,8.6,3706,170,92,75,light_walk,balanced_plate
262,2025-09-23,15600,3461,85,6.0,3298,409,30,63,intense_workout,carb_boost
263,2025-09-24,5495,3208,62,7.2,2800,313,121,28,rest_day,high_protein
264,2025-09-25,19481,2020,64,7.3,3925,220,71,91,rest_day,balanced_plate
265,2025-09-26,6295,2219,75,4.8,3103,149,53,38,rest_day,reduce_protein_add_carbs
266,2025-09-27,3683,2583,88,7.7,1645,263,103,116,light_walk,high_protein
267,2025-09-28,9654,1741,54,4.2,1982,207,127,52,rest_day,high_protein
268,2025-09-29,17014,2160,66,4.2,3966,259,40,29,recovery_high_steps,balanced_plate
269,2025-09-30,9160,2089,62,7.2,2420,357,93,54,rest_day,carb_boost
270,2025-09-1,4358,3120,67,5.8,2498,379,89,65,light_walk,carb_boost
271,2025-09-2,5699,2741,87,7.0,2690,208,139,55,rest_day,high_protein
272,2025-09-3,13031,3264,82,7.2,1572,235,126,89,intense_workout,high_protein
273,2025-09-4,2472,2498,53,6.1,2455,104,73,46,light_walk,balanced_plate
274,2025-09-5,4255,1648,57,9.2,3085,166,147,63,light_walk,high_protein
275,2025-09-6,2428,1557,52,4.3,2653,314,73,21,light_walk,carb_boost
276,2025-09-7,9686,3321,57,7.1,2965,135,98,96,rest_day,balanced_plate
277,2025-09-8,15836,1786,65,5.9,2132,154,45,31,recovery_high_steps,reduce_protein_add_carbs
278,2025-09-9,13711,3431,57,8.6,3179,129,138,42,rest_day,high_protein
279,2025-09-10,4443,2126,89,3.1,3503,459,149,84,light_walk,high_protein
280,2025-09-11,16669,1648,69,7.4,1955,330,61,52,rest_day,carb_boost
281,2025-09-12,17396,2283,61,8.5,1980,250,143,85,rest_day,high_protein
282,2025-09-13,18792,1840,51,9.6,3996,430,96,71,rest_day,carb_boost
283,2025-09-14,9917,2930,75,7.2,1810,361,64,41,rest_day,carb_boost
284,2025-09-15,10382,1841,86,5.7,1511,338,78,61,intense_workout,carb_boost
285,2025-09-16,1826,2681,73,6.7,1633,166,109,26,light_walk,high_protein
286,2025-09-17,7693,1572,64,5.8,1629,305,49,101,rest_day,carb_boost
287,2025-09-18,16127,1765,74,7.0,3800,409,62,55,intense_workout,carb_boost
288,2025-09-19,8286,3305,50,7.2,2321,337,81,22,rest_day,carb_boost
289,2025-09-20,2530,3460,55,4.0,2463,124,108,87,light_walk,high_protein
290,2025-09-21,7340,3479,61,9.8,1591,240,60,97,rest_day,calorie_control
291,2025-09-22,19420,3351,55,3.0,1542,353,31,79,recovery_high_steps,carb_boost
292,2025-09-23,6610,1786,54,8.5,3892,229,40,69,rest_day,balanced_plate
293,2025-09-24,13564,3450,64,9.9,3630,492,128,40,rest_day,high_protein
294,2025-09-25,5448,2679,56,7.8,2108,359,33,59,rest_day,carb_boost
295,2025-09-26,10340,2882,78,7.4,1623,330,79,82,intense_workout,carb_boost
296,2025-09-27,9700,3151,84,5.6,3639,113,100,105,rest_day,balanced_plate
297,2025-09-28,3716,2009,51,3.9,3952,345,131,98,light_walk,high_protein
298,2025-09-29,10900,2149,72,4.0,2946,488,94,32,intense_workout,carb_boost
299,2025-09-30,14828,2736,67,3.5,2171,263,110,118,recovery_high_steps,high_protein
300,2025-09-1,4795,1894,70,8.9,1682,216,55,87,light_walk,calorie_control
301,2025-09-2,4719,3287,67,6.3,3268,320,81,48,light_walk,carb_boost
302,2025-09-3,19877,2053,70,9.7,1604,291,46,28,rest_day,calorie_control
303,2025-09-4,6272,2653,78,5.0,1741,413,89,40,rest_day,carb_boost
304,2025-09-5,8906,2258,83,5.7,3747,178,46,79,rest_day,reduce_protein_add_carbs
305,2025-09-6,14916,2939,50,6.1,2531,432,101,106,rest_day,high_protein
306,2025-09-7,3456,3144,73,3.7,3168,247,50,77,light_walk,balanced_plate
307,2025-09-8,10142,1865,85,5.4,1898,310,36,47,intense_workout,carb_boost
308,2025-09-9,8964,1849,81,3.5,3685,137,140,115,rest_day,high_protein
309,2025-09-10,6511,2743,66,5.1,1859,428,95,98,rest_day,carb_boost
310,2025-09-11,11824,3327,53,8.4,3716,316,148,81,rest_day,high_protein
311,2025-09-12,6910,1869,59,8.6,2151,446,133,21,rest_day,high_protein
312,2025-09-13,780,3216,81,8.2,2811,387,127,30,light_walk,high_protein
313,2025-09-14,16905,2282,66,9.5,3730,252,133,78,rest_day,high_protein
314,2025-09-15,16377,2484,71,4.9,3503,312,73,51,recovery_high_steps,carb_boost
315,2025-09-16,685,1612,70,5.0,3067,321,148,58,gentle_stretching,high_protein
316,2025-09-17,10736,2279,90,6.8,3696,496,50,27,intense_workout,carb_boost
317,2025-09-18,301,2883,56,4.3,3259,302,115,41,gentle_stretching,high_protein
318,2025-09-19,10773,2359,78,8.1,2269,128,114,98,intense_workout,high_protein
319,2025-09-20,15921,3130,64,6.5,1587,143,106,41,rest_day,high_protein
320,2025-09-21,3754,1920,82,6.6,2202,217,48,42,light_walk,balanced_plate
321,2025-09-22,18844,2553,88,7.0,2804,227,130,27,intense_workout,high_protein
322,2025-09-23,8553,2709,65,8.7,3399,360,32,84,rest_day,carb_boost
323,2025-09-24,6019,2627,84,5.8,2373,453,136,108,rest_day,high_protein
324,2025-09-25,3081,2928,88,7.3,3659,112,38,55,light_walk,reduce_protein_add_carbs
325,2025-09-26,14933,1733,75,8.9,3756,113,63,72,intense_workout,balanced_plate
326,2025-09-27,15379,2086,65,4.0,2514,169,85,102,recovery_high_steps,balanced_plate
327,2025-09-28,17508,2197,53,5.7,2655,119,39,43,recovery_high_steps,reduce_protein_add_carbs
328,2025-09-29,1013,1726,75,5.7,2992,409,133,40,gentle_stretching,high_protein
329,2025-09-30,14537,1537,53,4.3,2440,119,46,90,recovery_high_steps,reduce_protein_add_carbs
330,2025-09-1,2563,2744,63,8.1,1835,285,84,23,light_walk,balanced_plate
331,2025-09-2,3959,2265,73,7.7,2093,258,89,79,light_walk,balanced_plate
332,2025-09-3,11154,3340,68,3.4,2632,175,59,77,rest_day,reduce_protein_add_carbs
333,2025-09-4,5093,2640,80,8.8,3566,272,129,113,rest_day,high_protein
334,2025-09-5,6256,2706,82,3.6,3151,212,121,66,rest_day,high_protein
335,2025-09-6,13258,3348,82,5.9,2783,247,141,66,recovery_high_steps,high_protein
336,2025-09-7,18394,1898,55,9.9,3671,174,132,28,rest_day,high_protein
337,2025-09-8,12889,2923,54,4.3,3096,237,79,22,recovery_high_steps,balanced_plate
338,2025-09-9,13930,3148,79,8.8,3528,297,110,70,intense_workout,high_protein
339,2025-09-10,17833,2046,75,9.1,2872,419,66,103,intense_workout,carb_boost
340,2025-09-11,2096,2416,59,9.6,3903,169,119,23,light_walk,high_protein
341,2025-09-12,15078,2818,84,6.1,3361,396,83,65,intense_workout,carb_boost
342,2025-09-13,14139,2887,80,9.5,2484,135,114,49,intense_workout,high_protein
343,2025-09-14,1431,2375,79,3.3,2402,262,84,111,gentle_stretching,balanced_plate
344,2025-09-15,8461,2131,59,4.9,3514,205,118,96,rest_day,high_protein
345,2025-09-16,16965,3079,58,6.4,3219,206,113,101,rest_day,high_protein
346,2025-09-17,18681,2374,70,6.7,3510,106,99,34,rest_day,balanced_plate
347,2025-09-18,14289,2171,60,9.7,2443,298,50,61,rest_day,balanced_plate
348,2025-09-19,11929,1991,63,8.1,3861,120,111,88,rest_day,high_protein
349,2025-09-20,1753,3456,73,5.4,1870,444,114,31,gentle_stretching,high_protein
350,2025-09-21,16376,1944,90,3.2,2128,295,135,90,recovery_high_steps,high_protein
351,2025-09-22,597,2514,82,6.7,2072,453,57,77,light_walk,carb_boost
352,2025-09-23,18474,3204,88,8.0,2028,197,99,89,intense_workout,balanced_plate
353,2025-09-24,10849,3100,59,4.2,3037,121,141,76,rest_day,high_protein
354,2025-09-25,3137,2341,83,9.0,1934,224,68,105,light_walk,balanced_plate
355,2025-09-26,8535,3459,87,8.6,2110,291,144,82,rest_day,high_protein
356,2025-09-27,10800,2459,81,4.8,2031,253,97,105,intense_workout,balanced_plate
357,2025-09-28,5774,1875,89,9.1,3249,215,121,33,rest_day,high_protein
358,2025-09-29,16282,2904,90,6.9,2380,165,54,22,intense_workout,reduce_protein_add_carbs
359,2025-09-30,10183,2567,82,5.7,3774,361,68,71,intense_workout,carb_boost
360,2025-09-1,18810,2701,68,6.1,2278,367,103,27,rest_day,high_protein
361,2025-09-2,18939,1975,90,7.0,2404,146,44,67,intense_workout,reduce_protein_add_carbs
362,2025-09-3,2285,2627,67,4.1,1967,367,31,26,light_walk,carb_boost
363,2025-09-4,4943,1886,52,9.3,3398,139,131,52,light_walk,high_protein
364,2025-09-5,19584,2514,57,9.3,3415,275,136,23,rest_day,high_protein
365,2025-09-6,7133,2465,68,9.2,3047,494,75,35,rest_day,carb_boost
366,2025-09-7,10102,2512,70,8.1,2783,201,124,78,rest_day,high_protein
367,2025-09-8,8438,3163,76,7.8,3678,452,97,44,rest_day,carb_boost
368,2025-09-9,226,2200,77,9.0,2895,233,112,79,light_walk,high_protein
369,2025-09-10,16299,2900,60,9.3,2887,463,102,104,rest_day,high_protein
370,2025-09-11,16087,2749,71,8.8,1975,385,119,40,intense_workout,high_protein
371,2025-09-12,18099,2045,90,8.2,1837,413,104,76,intense_workout,high_protein
372,2025-09-13,18710,2699,71,8.2,3174,449,44,110,intense_workout,carb_boost
373,2025-09-14,9122,1788,69,8.2,3453,165,128,59,rest_day,high_protein
374,2025-09-15,10487,1655,88,4.2,3183,223,30,91,intense_workout,balanced_plate
375,2025-09-16,3830,2354,52,7.9,3444,402,67,34,light_walk,carb_boost
376,2025-09-17,4628,1726,63,9.3,2050,492,128,96,light_walk,high_protein
377,2025-09-18,10449,2638,82,9.1,3766,190,127,65,intense_workout,high_protein
378,2025-09-19,2597,1641,85,5.7,3182,129,107,103,light_walk,high_protein
379,2025-09-20,10096,1780,89,8.2,1653,201,116,41,intense_workout,high_protein
380,2025-09-21,18351,1582,52,8.3,3831,272,100,97,rest_day,balanced_plate
381,2025-09-22,7230,2596,68,9.1,1897,219,67,72,rest_day,balanced_plate
382,2025-09-23,14140,2175,89,4.8,1764,419,62,71,recovery_high_steps,carb_boost
383,2025-09-24,14424,3177,60,3.5,3881,321,70,87,recovery_high_steps,carb_boost
384,2025-09-25,8259,2487,57,9.1,3121,219,84,35,rest_day,balanced_plate
385,2025-09-26,2524,2585,79,6.0,2278,163,139,69,light_walk,high_protein
386,2025-09-27,1492,3290,70,3.4,2799,456,96,63,gentle_stretching,carb_boost
387,2025-09-28,16288,2512,58,9.4,2847,134,110,117,rest_day,high_protein
388,2025-09-29,17111,1979,50,3.2,1842,431,83,95,recovery_high_steps,carb_boost
389,2025-09-30,6317,2058,64,7.2,3573,407,122,41,rest_day,high_protein
390,2025-09-1,14567,2032,87,7.1,1678,231,84,90,intense_workout,calorie_control
391,2025-09-2,10587,2039,53,5.7,2078,441,137,85,rest_day,high_protein
392,2025-09-3,2007,2685,76,8.2,3292,171,116,57,light_walk,high_protein
393,2025-09-4,7429,1713,74,3.0,2279,361,119,46,rest_day,high_protein
394,2025-09-5,7815,2990,50,6.2,3144,340,128,59,rest_day,high_protein
395,2025-09-6,8333,2814,69,4.4,2200,148,75,81,rest_day,balanced_plate
396,2025-09-7,17543,2054,69,3.8,2101,394,114,68,recovery_high_steps,high_protein
397,2025-09-8,17087,1817,90,5.8,3072,404,70,36,recovery_high_steps,carb_boost
398,2025-09-9,855,3312,88,7.0,3074,496,93,30,light_walk,carb_boost
399,2025-09-10,1517,3182,60,3.9,1500,267,137,38,gentle_stretching,high_protein
400,2025-09-11,11595,2083,57,7.7,2632,367,90,52,rest_day,carb_boost
401,2025-09-12,987,2773,54,3.0,2358,273,116,49,gentle_stretching,high_protein
402,2025-09-13,3052,1930,72,3.3,3375,437,47,85,light_walk,carb_boost
403,2025-09-14,5443,2489,82,6.2,2093,246,140,47,rest_day,high_protein
404,2025-09-15,935,2607,82,5.8,3588,357,92,48,gentle_stretching,carb_boost
405,2025-09-16,16585,1949,60,7.2,2409,309,80,92,rest_day,carb_boost
406,2025-09-17,7544,3074,77,4.2,2128,101,122,57,rest_day,high_protein
407,2025-09-18,386,3435,79,4.0,2604,367,64,84,gentle_stretching,carb_boost
408,2025-09-19,15670,3336,64,3.3,2736,161,78,114,recovery_high_steps,balanced_plate
409,2025-09-20,7064,2802,73,7.6,3319,376,83,37,rest_day,carb_boost
410,2025-09-21,2658,2952,58,5.1,2553,287,137,117,light_walk,high_protein
411,2025-09-22,1823,2974,52,9.0,2564,162,52,94,light_walk,reduce_protein_add_carbs
412,2025-09-23,15007,3348,85,5.8,3443,266,63,75,recovery_high_steps,balanced_plate
413,2025-09-24,7835,2432,56,4.0,3091,420,94,66,rest_day,carb_boost
414,2025-09-25,11411,3310,78,6.6,2413,225,40,68,intense_workout,balanced_plate
415,2025-09-26,11120,3329,54,6.7,2963,303,131,84,rest_day,high_protein
416,2025-09-27,17438,2911,54,4.6,1942,166,104,64,recovery_high_steps,high_protein
417,2025-09-28,9370,2953,76,4.1,3341,361,88,34,rest_day,carb_boost
418,2025-09-29,2169,1624,86,9.7,3231,373,102,48,light_walk,high_protein
419,2025-09-30,14973,3023,66,5.7,2801,167,98,56,recovery_high_steps,balanced_plate
420,2025-09-1,15848,1804,62,6.8,2320,478,116,70,rest_day,high_protein
421,2025-09-2,13865,2877,81,8.0,2261,440,75,40,intense_workout,carb_boost
422,2025-09-3,8491,1638,88,6.8,3127,379,128,32,rest_day,high_protein
423,2025-09-4,13283,1934,66,8.1,3651,313,53,38,rest_day,carb_boost
424,2025-09-5,12452,2498,70,4.0,2156,200,65,38,recovery_high_steps,balanced_plate
425,2025-09-6,10238,1563,76,9.4,1766,409,74,66,intense_workout,carb_boost
426,2025-09-7,19595,1745,70,8.2,3010,104,110,75,rest_day,high_protein
427,2025-09-8,13331,3460,61,9.8,2382,246,55,67,rest_day,balanced_plate
428,2025-09-9,5867,2319,81,6.4,2194,349,129,94,rest_day,high_protein
429,2025-09-10,13527,1906,64,7.2,2203,348,144,100,rest_day,high_protein
430,2025-09-11,15309,3254,67,6.1,3210,338,33,26,rest_day,carb_boost
431,2025-09-12,364,1662,58,3.4,3884,468,126,115,gentle_stretching,high_protein
432,2025-09-13,13127,1646,87,4.8,2536,288,60,99,recovery_high_steps,balanced_plate
433,2025-09-14,1137,1979,71,7.8,2182,422,83,29,light_walk,carb_boost
434,2025-09-15,12413,1776,65,8.7,2195,385,86,113,rest_day,carb_boost
435,2025-09-16,12306,2893,57,10.0,2041,234,96,84,rest_day,balanced_plate
436,2025-09-17,3363,1524,86,8.2,3072,240,133,27,light_walk,high_protein
437,2025-09-18,8068,1687,58,8.4,2046,293,92,42,rest_day,balanced_plate
438,2025-09-19,11528,2301,63,5.9,1913,457,104,118,rest_day,high_protein
439,2025-09-20,9101,1687,62,9.6,2813,144,90,102,rest_day,balanced_plate
440,2025-09-21,5242,1857,65,7.8,3180,474,63,35,rest_day,carb_boost
441,2025-09-22,15717,2711,51,3.5,2536,283,140,50,recovery_high_steps,high_protein
442,2025-09-23,2555,2813,88,5.8,2738,219,84,46,light_walk,balanced_plate
443,2025-09-24,3701,2232,88,6.3,3868,332,59,72,light_walk,carb_boost
444,2025-09-25,2828,3056,68,5.5,2804,313,60,100,light_walk,carb_boost
445,2025-09-26,16566,2546,81,6.1,2979,153,81,39,intense_workout,balanced_plate
446,2025-09-27,159,3405,63,6.2,2511,152,53,98,light_walk,reduce_protein_add_carbs
447,2025-09-28,13333,2553,53,4.0,2994,363,111,31,recovery_high_steps,high_protein
448,2025-09-29,6046,3497,83,3.9,1853,226,104,95,rest_day,high_protein
449,2025-09-30,15920,3114,80,4.3,3384,253,47,115,recovery_high_steps,balanced_plate
450,2025-09-1,11989,1793,66,3.4,2317,363,70,25,rest_day,carb_boost
451,2025-09-2,15275,2388,78,9.5,2132,164,136,38,intense_workout,high_protein
452,2025-09-3,5793,1927,53,8.5,2318,240,112,68,rest_day,high_protein
453,2025-09-4,8389,2123,61,7.7,3948,285,116,109,rest_day,high_protein
454,2025-09-5,1948,2428,76,8.9,2405,274,52,104,light_walk,balanced_plate
455,2025-09-6,12180,1734,62,4.3,2022,372,97,66,recovery_high_steps,carb_boost
456,2025-09-7,9821,3236,70,6.3,3246,239,66,61,rest_day,balanced_plate
457,2025-09-8,13200,2624,88,6.5,3076,454,76,37,intense_workout,carb_boost
458,2025-09-9,7935,3497,84,5.6,2391,112,111,32,rest_day,high_protein
459,2025-09-10,13411,1530,51,4.5,1828,265,104,73,recovery_high_steps,high_protein
460,2025-09-11,2005,2623,72,7.3,1661,492,117,27,light_walk,high_protein
461,2025-09-12,14609,2526,77,9.8,2439,248,57,73,intense_workout,balanced_plate
462,2025-09-13,17845,2588,85,3.6,1734,326,42,76,recovery_high_steps,carb_boost
463,2025-09-14,4213,1553,59,6.8,3600,173,75,32,light_walk,balanced_plate
464,2025-09-15,19557,3315,51,3.1,1897,237,64,44,recovery_high_steps,balanced_plate
465,2025-09-16,8578,1610,87,6.7,2383,123,58,62,rest_day,reduce_protein_add_carbs
466,2025-09-17,1401,2711,75,7.7,1618,255,45,66,light_walk,calorie_control
467,2025-09-18,10704,1603,77,9.8,3205,286,76,113,intense_workout,balanced_plate
468,2025-09-19,19176,3197,86,4.9,3259,252,62,74,recovery_high_steps,balanced_plate
469,2025-09-20,4025,2018,61,3.0,3920,234,129,70,light_walk,high_protein
470,2025-09-21,18591,1830,57,8.5,2979,144,115,78,rest_day,high_protein
471,2025-09-22,12903,1694,78,4.6,2749,304,108,106,recovery_high_steps,high_protein
472,2025-09-23,16299,2741,53,9.7,1892,218,34,75,rest_day,balanced_plate
473,2025-09-24,10847,2479,60,9.7,1777,332,46,78,rest_day,carb_boost
474,2025-09-25,13401,3015,56,4.0,1525,124,39,64,recovery_high_steps,reduce_protein_add_carbs
475,2025-09-26,8652,3216,57,7.5,2506,450,57,94,rest_day,carb_boost
476,2025-09-27,8682,3356,87,5.0,3223,156,76,50,rest_day,balanced_plate
477,2025-09-28,14824,2185,75,4.0,3552,183,81,94,recovery_high_steps,balanced_plate
478,2025-09-29,2295,3089,82,9.7,3446,325,44,115,light_walk,carb_boost
479,2025-09-30,3644,2645,70,9.7,3993,309,107,93,light_walk,high_protein
480,2025-09-1,10541,3432,80,3.3,2489,105,122,27,intense_workout,high_protein
481,2025-09-2,11691,1992,82,4.0,3878,432,79,30,intense_workout,carb_boost
482,2025-09-3,13979,3015,55,3.8,2079,454,77,75,recovery_high_steps,carb_boost
483,2025-09-4,7866,2613,61,4.8,3124,373,48,106,rest_day,carb_boost
484,2025-09-5,619,2382,78,9.4,2796,206,72,99,light_walk,balanced_plate
485,2025-09-6,17313,2770,57,4.1,1507,451,129,113,recovery_high_steps,high_protein
486,2025-09-7,12474,3119,73,8.3,3640,185,73,28,intense_workout,balanced_plate
487,2025-09-8,18852,1573,85,5.5,3718,315,71,85,recovery_high_steps,carb_boost
488,2025-09-9,10695,2443,76,4.8,1848,463,42,64,intense_workout,carb_boost
489,2025-09-10,12297,2239,58,4.1,2166,133,144,20,recovery_high_steps,high_protein
490,2025-09-11,8792,2104,56,5.6,2479,216,123,54,rest_day,high_protein
491,2025-09-12,7778,3148,88,7.0,1773,272,145,112,rest_day,high_protein
492,2025-09-13,10195,2192,76,5.9,3661,356,87,45,intense_workout,carb_boost
493,2025-09-14,14188,2927,72,6.5,2564,204,34,84,intense_workout,balanced_plate
494,2025-09-15,10593,2515,90,9.7,2208,355,40,75,intense_workout,carb_boost
495,2025-09-16,13234,2160,84,5.3,3950,208,89,90,recovery_high_steps,balanced_plate
496,2025-09-17,10230,1826,75,9.2,1904,231,52,103,intense_workout,balanced_plate
497,2025-09-18,17806,2253,78,4.8,2891,246,141,65,recovery_high_steps,high_protein
498,2025-09-19,11757,3028,76,3.5,1770,484,96,43,intense_workout,carb_boost
499,2025-09-20,11546,1539,85,7.9,1789,280,149,42,intense_workout,high_protein
500,2025-09-21,11116,2080,80,3.9,2180,412,89,73,intense_workout,carb_boost
501,2025-09-22,5445,2880,59,4.4,3138,184,90,103,rest_day,balanced_plate
502,2025-09-23,5634,1883,71,8.1,2343,137,144,55,rest_day,high_protein
503,2025-09-24,19624,3488,62,6.0,1805,129,91,44,rest_day,balanced_plate
504,2025-09-25,16589,2708,85,9.9,2545,312,83,40,intense_workout,carb_boost
505,2025-09-26,18375,2252,65,3.5,3322,301,61,78,recovery_high_steps,carb_boost
506,2025-09-27,12541,2020,66,9.7,1509,313,46,87,rest_day,carb_boost
507,2025-09-28,13422,1652,70,6.9,3356,290,118,70,rest_day,high_protein
508,2025-09-29,12067,2604,90,6.1,1603,370,125,58,intense_workout,high_protein
509,2025-09-30,1914,2721,50,3.9,2901,266,86,100,gentle_stretching,balanced_plate
510,2025-09-1,19873,2262,90,4.4,2664,169,35,103,recovery_high_steps,reduce_protein_add_carbs
511,2025-09-2,9523,1744,52,3.8,2060,175,141,66,rest_day,high_protein
512,2025-09-3,2230,1691,50,5.2,2997,370,129,51,light_walk,high_protein
513,2025-09-4,1151,2975,67,3.1,1542,471,64,97,gentle_stretching,carb_boost
514,2025-09-5,11065,3324,63,8.9,2258,487,117,78,rest_day,high_protein
515,2025-09-6,19356,3374,55,6.8,2691,438,146,84,rest_day,high_protein
516,2025-09-7,17860,1782,65,9.0,2024,339,93,81,rest_day,carb_boost
517,2025-09-8,13794,2158,61,4.6,2981,188,49,114,recovery_high_steps,reduce_protein_add_carbs
518,2025-09-9,16835,1927,72,5.2,2382,412,130,91,recovery_high_steps,high_protein
519,2025-09-10,10758,2729,52,9.0,2094,278,111,99,rest_day,high_protein
520,2025-09-11,16199,2647,82,6.8,3878,488,56,31,intense_workout,carb_boost
521,2025-09-12,1424,2401,82,6.0,3447,433,98,78,light_walk,carb_boost
522,2025-09-13,19488,2841,90,7.8,3744,478,95,113,intense_workout,carb_boost
523,2025-09-14,18990,3202,53,9.9,2607,281,36,98,rest_day,balanced_plate
524,2025-09-15,12502,3049,72,5.9,3345,347,49,48,recovery_high_steps,carb_boost
525,2025-09-16,15166,2213,90,9.9,3765,161,58,93,intense_workout,reduce_protein_add_carbs
526,2025-09-17,10561,2017,54,9.9,2180,181,119,103,rest_day,high_protein
527,2025-09-18,14256,3254,61,3.5,3934,365,127,108,recovery_high_steps,high_protein
528,2025-09-19,14114,1707,51,5.0,3713,121,55,62,recovery_high_steps,reduce_protein_add_carbs
529,2025-09-20,1518,1729,69,5.1,2449,247,137,38,gentle_stretching,high_protein
530,2025-09-21,3554,1866,51,4.9,2657,306,56,29,light_walk,carb_boost
531,2025-09-22,12360,1980,81,7.3,2244,199,88,21,intense_workout,balanced_plate
532,2025-09-23,7619,2588,68,3.7,3813,408,108,78,rest_day,high_protein
533,2025-09-24,4757,2446,70,4.4,3313,455,127,49,light_walk,high_protein
534,2025-09-25,8475,2972,53,9.6,1582,484,39,55,rest_day,carb_boost
535,2025-09-26,11336,2760,81,7.7,1675,265,46,93,intense_workout,calorie_control
536,2025-09-27,16753,3318,84,9.2,2864,226,54,47,intense_workout,balanced_plate
537,2025-09-28,3676,1878,58,6.1,2771,447,46,62,light_walk,carb_boost
538,2025-09-29,2424,2564,69,4.4,3586,468,146,42,light_walk,high_protein
539,2025-09-30,1134,3003,82,4.5,1568,398,77,53,gentle_stretching,carb_boost
540,2025-09-1,14631,1702,52,4.5,2684,430,45,101,recovery_high_steps,carb_boost
541,2025-09-2,1629,2827,59,9.2,1774,263,88,82,light_walk,calorie_control
542,2025-09-3,14924,2003,52,7.3,2514,475,120,27,rest_day,high_protein
543,2025-09-4,690,1993,66,9.4,1889,206,118,58,light_walk,high_protein
544,2025-09-5,5488,3479,77,9.4,2148,437,85,78,rest_day,carb_boost
545,2025-09-6,2817,1944,87,6.0,3967,213,136,56,light_walk,high_protein
546,2025-09-7,14427,3053,83,6.5,2662,285,86,96,intense_workout,balanced_plate
547,2025-09-8,8326,3096,73,9.5,2322,102,107,57,rest_day,high_protein
548,2025-09-9,8312,2908,87,4.1,2507,232,142,93,rest_day,high_protein
549,2025-09-10,15195,1520,56,8.0,3850,183,112,54,rest_day,high_protein
550,2025-09-11,12356,2652,53,9.5,3830,411,135,42,rest_day,high_protein
551,2025-09-12,60,2842,73,8.5,2834,401,61,74,light_walk,carb_boost
552,2025-09-13,12127,2912,85,7.4,2700,461,87,58,intense_workout,carb_boost
553,2025-09-14,11087,1596,70,9.3,2529,208,64,58,rest_day,balanced_plate
554,2025-09-15,661,1924,54,7.7,3623,412,115,92,light_walk,high_protein
555,2025-09-16,13596,2762,86,5.9,1994,211,52,64,recovery_high_steps,balanced_plate
556,2025-09-17,5520,2770,89,9.0,1984,233,137,37,rest_day,high_protein
557,2025-09-18,13917,2161,82,5.4,2137,334,61,61,recovery_high_steps,carb_boost
558,2025-09-19,8690,2473,59,7.4,1614,261,102,47,rest_day,high_protein
559,2025-09-20,2294,3082,68,5.3,1911,251,101,28,light_walk,high_protein
560,2025-09-21,15534,2812,82,6.8,3877,274,135,84,intense_workout,high_protein
561,2025-09-22,1948,2445,83,5.9,3420,192,77,96,gentle_stretching,balanced_plate
562,2025-09-23,10799,2956,78,6.1,2355,381,46,90,intense_workout,carb_boost
563,2025-09-24,15810,2530,88,5.9,3276,161,46,62,recovery_high_steps,reduce_protein_add_carbs
564,2025-09-25,18172,2910,64,9.2,3526,381,45,44,rest_day,carb_boost
565,2025-09-26,3893,2167,58,6.7,2004,185,109,60,light_walk,high_protein
566,2025-09-27,10738,2887,90,6.7,1838,246,95,60,intense_workout,balanced_plate
567,2025-09-28,4994,1638,79,7.5,3982,483,77,85,light_walk,carb_boost
568,2025-09-29,11999,3171,71,6.4,3732,459,65,98,intense_workout,carb_boost
569,2025-09-30,11064,2572,67,5.6,3882,119,93,112,rest_day,balanced_plate
570,2025-09-1,634,3269,78,6.1,1502,281,107,83,light_walk,high_protein
571,2025-09-2,12327,1558,53,6.2,3407,430,124,115,rest_day,high_protein
572,2025-09-3,8026,2937,51,7.6,3895,258,127,80,rest_day,high_protein
573,2025-09-4,11767,2218,74,7.1,1749,413,130,64,intense_workout,high_protein
574,2025-09-5,2854,3003,66,3.1,2734,291,73,48,light_walk,balanced_plate
575,2025-09-6,2618,2082,77,4.4,1719,489,58,77,light_walk,carb_boost
576,2025-09-7,10640,2923,72,7.2,3312,163,119,55,intense_workout,high_protein
577,2025-09-8,489,3008,71,8.3,3205,368,40,73,light_walk,carb_boost
578,2025-09-9,18959,3043,89,5.2,2454,485,123,113,recovery_high_steps,high_protein
579,2025-09-10,6859,2149,60,4.3,3943,470,119,42,rest_day,high_protein
580,2025-09-11,12945,2841,81,6.0,3609,393,140,86,intense_workout,high_protein
581,2025-09-12,19109,3486,79,4.6,3515,255,50,32,recovery_high_steps,balanced_plate
582,2025-09-13,922,2367,56,4.9,2474,306,33,115,gentle_stretching,carb_boost
583,2025-09-14,10006,2386,55,8.5,3887,303,62,47,rest_day,carb_boost
584,2025-09-15,3748,2074,71,3.2,1904,195,64,98,light_walk,balanced_plate
585,2025-09-16,9732,2327,55,6.0,1865,286,149,48,rest_day,high_protein
586,2025-09-17,12742,1603,62,8.8,3878,281,67,67,rest_day,balanced_plate
587,2025-09-18,9867,1798,80,8.6,2974,464,120,54,rest_day,high_protein
588,2025-09-19,12638,3178,65,5.9,3404,390,145,94,recovery_high_steps,high_protein
589,2025-09-20,19348,1998,60,3.1,2007,403,146,54,recovery_high_steps,high_protein
590,2025-09-21,14933,1665,80,8.4,1613,455,61,74,intense_workout,carb_boost
591,2025-09-22,3839,2758,84,9.6,2208,440,39,102,light_walk,carb_boost
592,2025-09-23,10776,1567,78,8.3,3621,160,72,44,intense_workout,balanced_plate
593,2025-09-24,5395,2571,68,9.1,2150,209,127,74,rest_day,high_protein
594,2025-09-25,18971,3232,54,10.0,3085,487,147,61,rest_day,high_protein
595,2025-09-26,19923,3201,74,6.5,1787,494,90,37,intense_workout,carb_boost
596,2025-09-27,19610,3090,67,3.8,2598,376,73,24,recovery_high_steps,carb_boost
597,2025-09-28,3414,2948,74,7.5,2417,438,94,83,light_walk,carb_boost
598,2025-09-29,6982,2783,50,4.3,1905,313,143,66,rest_day,high_protein
599,2025-09-30,12380,1929,63,3.4,1933,211,62,78,recovery_high_steps,balanced_plate
600,2025-09-1,5162,1706,61,6.2,2031,321,67,22,rest_day,carb_boost
601,2025-09-2,7323,2707,75,5.8,3357,392,78,85,rest_day,carb_boost
602,2025-09-3,9802,3491,89,7.2,2552,395,119,49,rest_day,high_protein
603,2025-09-4,18771,2127,65,7.8,3270,106,109,64,rest_day,high_protein
604,2025-09-5,1262,2451,76,8.2,3635,355,102,54,light_walk,high_protein
605,2025-09-6,18643,3328,66,7.4,2730,194,146,113,rest_day,high_protein
606,2025-09-7,14715,3266,61,8.7,2424,110,127,69,rest_day,high_protein
607,2025-09-8,17478,1863,83,6.3,1549,457,117,29,intense_workout,high_protein
608,2025-09-9,12851,2282,86,6.7,3540,395,101,59,intense_workout,high_protein
609,2025-09-10,4331,1555,72,8.6,1609,291,37,112,light_walk,calorie_control
610,2025-09-11,861,2067,59,4.8,2136,112,125,55,gentle_stretching,high_protein
611,2025-09-12,18532,3317,71,9.3,2861,265,117,106,intense_workout,high_protein
612,2025-09-13,15125,3165,80,5.1,3511,401,125,81,recovery_high_steps,high_protein
613,2025-09-14,10692,1691,87,8.5,3785,454,73,79,intense_workout,carb_boost
614,2025-09-15,13757,2866,66,6.1,2490,412,84,72,rest_day,carb_boost
615,2025-09-16,8417,2276,71,8.1,2187,117,144,95,rest_day,high_protein
616,2025-09-17,13223,3436,64,4.4,3498,418,148,58,recovery_high_steps,high_protein
617,2025-09-18,7692,2348,81,9.2,2605,432,109,92,rest_day,high_protein
618,2025-09-19,446,3367,87,8.9,2850,348,128,67,light_walk,high_protein
619,2025-09-20,11151,2962,88,6.2,3892,323,91,32,intense_workout,carb_boost
620,2025-09-21,2032,2752,55,7.0,2516,287,119,33,light_walk,high_protein
621,2025-09-22,1630,1809,53,9.8,2595,380,106,51,light_walk,high_protein
622,2025-09-23,19642,1985,87,9.0,1552,321,96,47,intense_workout,carb_boost
623,2025-09-24,18050,2760,83,9.3,3969,299,148,91,intense_workout,high_protein
624,2025-09-25,14520,1505,63,4.8,1886,355,88,95,recovery_high_steps,carb_boost
625,2025-09-26,9018,3322,78,8.6,1807,444,70,50,rest_day,carb_boost
626,2025-09-27,4820,2261,69,4.7,3935,112,74,61,light_walk,balanced_plate
627,2025-09-28,8112,1775,62,4.6,1980,484,44,96,rest_day,carb_boost
628,2025-09-29,15632,3443,57,9.4,1608,378,75,91,rest_day,carb_boost
629,2025-09-30,314,2997,62,6.3,3020,255,118,80,light_walk,high_protein
630,2025-09-1,19727,2386,51,8.3,2412,385,132,32,rest_day,high_protein
631,2025-09-2,6751,1997,78,8.0,2694,193,50,74,rest_day,reduce_protein_add_carbs
632,2025-09-3,6992,2435,68,7.3,2724,279,103,114,rest_day,high_protein
633,2025-09-4,12852,1970,79,6.9,3855,236,83,20,intense_workout,balanced_plate
634,2025-09-5,9259,2238,60,6.1,2788,387,44,31,rest_day,carb_boost
635,2025-09-6,17888,2760,63,9.4,1571,254,91,31,rest_day,calorie_control
636,2025-09-7,3303,2565,60,7.0,3820,320,114,104,light_walk,high_protein
637,2025-09-8,9783,1889,71,3.5,1992,291,144,73,rest_day,high_protein
638,2025-09-9,5831,2756,84,5.9,2316,248,144,85,rest_day,high_protein
639,2025-09-10,12391,3374,88,4.9,1772,105,48,75,recovery_high_steps,reduce_protein_add_carbs
640,2025-09-11,1051,3485,87,9.6,3724,398,65,77,light_walk,carb_boost
641,2025-09-12,307,3093,81,6.8,2751,346,89,102,light_walk,carb_boost
642,2025-09-13,14330,2295,50,3.6,3994,307,143,23,recovery_high_steps,high_protein
643,2025-09-14,11755,2422,58,4.7,1683,175,60,107,rest_day,calorie_control
644,2025-09-15,9590,2153,74,9.4,3102,349,53,92,rest_day,carb_boost
645,2025-09-16,9497,2415,89,7.0,1651,104,96,77,rest_day,calorie_control
646,2025-09-17,19738,1963,64,6.2,1604,280,73,45,rest_day,calorie_control
647,2025-09-18,13998,1661,72,9.2,1639,231,116,67,intense_workout,high_protein
648,2025-09-19,2230,1867,50,6.1,3101,257,32,40,light_walk,balanced_plate
649,2025-09-20,13272,2351,71,4.2,3544,471,67,34,recovery_high_steps,carb_boost
650,2025-09-21,8185,1749,64,6.0,2483,476,34,89,rest_day,carb_boost
651,2025-09-22,2672,2374,72,7.6,2029,248,121,118,light_walk,high_protein
652,2025-09-23,2773,2371,72,7.9,3685,444,81,91,light_walk,carb_boost
653,2025-09-24,4298,2072,54,3.7,3216,410,66,75,light_walk,carb_boost
654,2025-09-25,1260,2369,78,4.6,3094,339,31,84,gentle_stretching,carb_boost
655,2025-09-26,14011,2318,79,9.0,3655,431,68,109,intense_workout,carb_boost
656,2025-09-27,10956,2390,57,5.1,2968,480,83,111,rest_day,carb_boost
657,2025-09-28,3961,2105,58,3.2,3504,283,140,53,light_walk,high_protein
658,2025-09-29,13558,2042,74,7.8,2962,377,69,20,intense_workout,carb_boost
659,2025-09-30,11454,3013,70,8.2,1521,265,128,99,rest_day,high_protein
660,2025-09-1,14343,2201,66,5.3,3176,244,67,100,recovery_high_steps,balanced_plate
661,2025-09-2,589,1928,55,7.0,2762,171,90,34,light_walk,balanced_plate
662,2025-09-3,19964,3318,62,6.2,2768,262,89,25,rest_day,balanced_plate
663,2025-09-4,13269,2069,72,6.7,3573,402,34,109,intense_workout,carb_boost
664,2025-09-5,11795,1889,55,7.6,2253,245,33,36,rest_day,balanced_plate
665,2025-09-6,5368,2025,63,3.5,3931,143,148,34,rest_day,high_protein
666,2025-09-7,12306,2074,84,3.5,3438,199,64,51,recovery_high_steps,balanced_plate
667,2025-09-8,12719,1543,89,5.2,3928,244,100,69,recovery_high_steps,balanced_plate
668,2025-09-9,5184,1854,81,8.3,2651,497,66,98,rest_day,carb_boost
669,2025-09-10,14062,3359,89,4.1,2231,499,91,23,recovery_high_steps,carb_boost
670,2025-09-11,4524,2357,77,6.6,2717,386,32,27,light_walk,carb_boost
671,2025-09-12,4887,3306,80,9.7,3080,363,100,76,light_walk,carb_boost
672,2025-09-13,7119,2297,59,5.2,2720,472,122,58,rest_day,high_protein
673,2025-09-14,11873,1670,72,8.8,3475,221,139,23,intense_workout,high_protein
674,2025-09-15,3164,2418,55,4.8,2947,477,125,92,light_walk,high_protein
675,2025-09-16,18148,2725,69,4.5,3923,478,92,86,recovery_high_steps,carb_boost
676,2025-09-17,19561,3174,66,7.9,2458,436,70,102,rest_day,carb_boost
677,2025-09-18,16260,1915,71,8.7,2716,249,141,30,intense_workout,high_protein
678,2025-09-19,17356,2262,52,10.0,3623,186,43,116,rest_day,reduce_protein_add_carbs
679,2025-09-20,14448,1750,90,4.4,2213,182,76,88,recovery_high_steps,balanced_plate
680,2025-09-21,15406,2383,72,5.9,3517,336,149,44,recovery_high_steps,high_protein
681,2025-09-22,1609,2217,79,3.7,3460,124,107,118,gentle_stretching,high_protein
682,2025-09-23,8307,1547,83,3.5,2982,110,114,40,rest_day,high_protein
683,2025-09-24,7381,2184,56,3.9,2971,481,93,21,rest_day,carb_boost
684,2025-09-25,15179,1620,67,3.4,2854,371,142,37,recovery_high_steps,high_protein
685,2025-09-26,17396,1686,75,9.6,2452,463,136,66,intense_workout,high_protein
686,2025-09-27,8430,1803,61,5.5,3423,345,31,109,rest_day,carb_boost
687,2025-09-28,4922,3446,76,7.0,3619,362,92,65,light_walk,carb_boost
688,2025-09-29,13179,1511,62,8.8,1516,162,110,55,rest_day,high_protein
689,2025-09-30,5956,1589,65,4.4,2129,448,76,95,rest_day,carb_boost
690,2025-09-1,15972,2425,72,4.5,2469,170,138,71,recovery_high_steps,high_protein
691,2025-09-2,19579,2904,86,8.1,1727,374,106,40,intense_workout,high_protein
692,2025-09-3,13971,1780,55,5.4,1723,371,47,88,recovery_high_steps,carb_boost
693,2025-09-4,9141,3391,79,5.7,1970,133,42,62,rest_day,reduce_protein_add_carbs
694,2025-09-5,9021,3409,78,5.4,2191,466,65,92,rest_day,carb_boost
695,2025-09-6,14226,3073,55,9.1,3988,247,38,51,rest_day,balanced_plate
696,2025-09-7,8579,2573,67,3.3,3378,225,104,56,rest_day,high_protein
697,2025-09-8,277,3477,53,4.9,3325,176,71,28,gentle_stretching,balanced_plate
698,2025-09-9,13918,1634,53,9.8,2682,483,64,76,rest_day,carb_boost
699,2025-09-10,10068,2712,80,5.0,2704,387,95,78,intense_workout,carb_boost
700,2025-09-11,18291,2661,51,7.3,3387,243,45,65,rest_day,balanced_plate
701,2025-09-12,14758,1744,80,7.8,3676,494,148,104,intense_workout,high_protein
702,2025-09-13,19782,2933,61,3.3,2871,420,76,111,recovery_high_steps,carb_boost
703,2025-09-14,16131,2631,68,3.9,2317,270,104,86,recovery_high_steps,high_protein
704,2025-09-15,16395,1694,76,7.2,2155,485,89,73,intense_workout,carb_boost
705,2025-09-16,2077,3119,87,4.0,2619,480,39,79,light_walk,carb_boost
706,2025-09-17,297,2307,82,7.4,2884,473,71,66,light_walk,carb_boost
707,2025-09-18,17653,3243,71,3.9,3910,382,70,99,recovery_high_steps,carb_boost
708,2025-09-19,10401,2683,75,7.2,3559,172,105,109,intense_workout,high_protein
709,2025-09-20,12488,2021,81,8.6,3211,375,68,79,intense_workout,carb_boost
710,2025-09-21,13746,3159,85,4.2,2422,485,60,76,recovery_high_steps,carb_boost
711,2025-09-22,5197,2717,78,8.6,3672,458,53,40,rest_day,carb_boost
712,2025-09-23,19053,2345,86,7.2,2173,227,87,95,intense_workout,balanced_plate
713,2025-09-24,6135,2977,85,9.9,3753,226,109,80,rest_day,high_protein
714,2025-09-25,13667,1939,74,5.2,1663,247,47,57,recovery_high_steps,calorie_control
715,2025-09-26,8386,2162,81,8.3,2923,286,98,87,rest_day,balanced_plate
716,2025-09-27,10900,2627,63,6.1,2209,495,45,100,rest_day,carb_boost
717,2025-09-28,7148,3122,63,3.9,3323,114,73,36,rest_day,balanced_plate
718,2025-09-29,6638,2055,83,5.2,1871,442,133,97,rest_day,high_protein
719,2025-09-30,4942,1542,82,3.1,2878,372,121,102,light_walk,high_protein
720,2025-09-1,5229,3473,72,8.7,3798,311,64,24,rest_day,carb_boost
721,2025-09-2,15560,3320,55,8.7,3485,424,120,108,rest_day,high_protein
722,2025-09-3,9462,2140,69,4.0,2107,174,68,73,rest_day,balanced_plate
723,2025-09-4,17751,3494,78,3.6,3081,292,87,72,recovery_high_steps,balanced_plate
724,2025-09-5,15470,1628,66,6.4,2351,425,37,48,rest_day,carb_boost
725,2025-09-6,2994,3196,52,8.2,2998,463,105,103,light_walk,high_protein
726,2025-09-7,18028,1775,58,8.6,1742,374,131,110,rest_day,high_protein
727,2025-09-8,6828,1670,62,7.7,2609,151,140,72,rest_day,high_protein
728,2025-09-9,10450,3491,57,9.7,2549,398,106,47,rest_day,high_protein
729,2025-09-10,13331,1939,68,8.8,3982,367,108,114,rest_day,high_protein
730,2025-09-11,18186,2165,76,9.5,1926,374,93,25,intense_workout,carb_boost
731,2025-09-12,941,3407,87,7.6,2743,164,128,91,light_walk,high_protein
732,2025-09-13,1466,1551,56,7.5,3444,495,55,31,light_walk,carb_boost
733,2025-09-14,8106,3086,86,3.1,2099,307,42,108,rest_day,carb_boost
734,2025-09-15,3637,3476,53,5.8,3852,106,139,30,light_walk,high_protein
735,2025-09-16,14312,2738,72,5.2,2246,466,86,45,recovery_high_steps,carb_boost
736,2025-09-17,17304,2577,78,5.4,3881,134,59,111,recovery_high_steps,reduce_protein_add_carbs
737,2025-09-18,272,2462,65,3.8,2184,178,139,108,gentle_stretching,high_protein
738,2025-09-19,946,1857,87,6.2,3764,106,51,100,light_walk,reduce_protein_add_carbs
739,2025-09-20,17576,1829,59,4.8,3019,480,79,110,recovery_high_steps,carb_boost
740,2025-09-21,13107,2172,50,4.1,2711,103,46,23,recovery_high_steps,reduce_protein_add_carbs
741,2025-09-22,8693,2229,53,6.9,1956,288,64,27,rest_day,balanced_plate
742,2025-09-23,17303,1791,76,7.1,1876,245,57,48,intense_workout,balanced_plate
743,2025-09-24,11618,2058,80,7.2,3052,138,77,65,intense_workout,balanced_plate
744,2025-09-25,15848,3167,79,3.6,2589,207,41,113,recovery_high_steps,balanced_plate
745,2025-09-26,15449,2192,56,7.7,3930,445,116,109,rest_day,high_protein
746,2025-09-27,6533,2081,57,8.6,1518,200,47,114,rest_day,calorie_control
747,2025-09-28,7933,2880,79,7.7,3580,328,41,113,rest_day,carb_boost
748,2025-09-29,8346,2946,58,9.1,2343,346,58,52,rest_day,carb_boost
749,2025-09-30,1725,2640,64,7.3,3010,472,73,73,light_walk,carb_boost
750,2025-09-1,18690,2658,67,5.7,2944,285,62,78,recovery_high_steps,balanced_plate
751,2025-09-2,15966,1877,60,8.8,2221,295,142,117,rest_day,high_protein
752,2025-09-3,6748,1521,51,8.8,3681,124,148,76,rest_day,high_protein
753,2025-09-4,11348,3090,65,9.1,3202,323,121,70,rest_day,high_protein
754,2025-09-5,9846,1932,58,3.1,3963,314,98,61,rest_day,carb_boost
755,2025-09-6,3124,1979,59,6.8,2389,370,100,48,light_walk,carb_boost
756,2025-09-7,18554,3402,52,4.3,3895,128,108,54,recovery_high_steps,high_protein
757,2025-09-8,11781,2919,87,6.6,2403,107,148,103,intense_workout,high_protein
758,2025-09-9,4270,3423,70,3.2,2659,442,45,96,light_walk,carb_boost
759,2025-09-10,19951,1508,63,9.7,2516,426,44,90,rest_day,carb_boost
760,2025-09-11,19880,3313,73,6.7,2951,100,39,99,intense_workout,reduce_protein_add_carbs
761,2025-09-12,9837,3235,74,9.6,3223,253,139,97,rest_day,high_protein
762,2025-09-13,2936,3314,55,7.8,2950,124,47,81,light_walk,reduce_protein_add_carbs
763,2025-09-14,18203,2157,77,7.5,2678,259,140,28,intense_workout,high_protein
764,2025-09-15,15327,1967,77,5.3,2313,348,127,86,recovery_high_steps,high_protein
765,2025-09-16,9095,3041,65,9.7,3976,368,98,44,rest_day,carb_boost
766,2025-09-17,12435,2641,67,8.6,2589,400,143,66,rest_day,high_protein
767,2025-09-18,10046,2087,62,5.0,3284,302,48,54,rest_day,carb_boost
768,2025-09-19,9190,2832,75,9.1,1873,144,73,107,rest_day,balanced_plate
769,2025-09-20,10472,2204,71,4.3,3373,175,84,111,intense_workout,balanced_plate
770,2025-09-21,10171,2198,82,8.8,2191,352,78,56,intense_workout,carb_boost
771,2025-09-22,14745,3134,83,7.6,2691,179,67,96,intense_workout,balanced_plate
772,2025-09-23,15997,2866,71,3.9,1918,272,75,91,recovery_high_steps,balanced_plate
773,2025-09-24,9654,1713,70,6.0,1584,164,35,42,rest_day,reduce_protein_add_carbs
774,2025-09-25,17010,1563,72,6.4,2418,451,59,96,intense_workout,carb_boost
775,2025-09-26,490,3181,72,4.7,3440,412,132,42,gentle_stretching,high_protein
776,2025-09-27,1882,2312,67,3.5,2826,267,80,61,gentle_stretching,balanced_plate
777,2025-09-28,1073,2955,69,7.9,2870,236,146,76,light_walk,high_protein
778,2025-09-29,7966,2032,75,6.6,3112,276,116,39,rest_day,high_protein
779,2025-09-30,14436,3281,77,7.2,3485,124,87,60,intense_workout,balanced_plate
780,2025-09-1,2181,2854,87,3.6,2598,241,95,59,light_walk,balanced_plate
781,2025-09-2,13058,3026,84,3.4,3054,245,93,107,recovery_high_steps,balanced_plate
782,2025-09-3,17442,2201,50,4.4,3976,225,136,117,recovery_high_steps,high_protein
783,2025-09-4,12632,3435,83,7.4,3442,310,54,35,intense_workout,carb_boost
784,2025-09-5,7349,3022,58,7.0,1980,435,137,74,rest_day,high_protein
785,2025-09-6,15905,1844,55,7.1,3387,460,77,58,rest_day,carb_boost
786,2025-09-7,14622,2501,59,6.6,1773,187,145,92,rest_day,high_protein
787,2025-09-8,16862,1514,53,7.5,2660,253,33,100,rest_day,balanced_plate
788,2025-09-9,16655,1642,84,6.9,2592,346,34,39,intense_workout,carb_boost
789,2025-09-10,6222,3181,51,8.7,2437,208,103,80,rest_day,high_protein
790,2025-09-11,4712,2531,52,3.3,2020,216,40,118,light_walk,balanced_plate
791,2025-09-12,10724,3032,62,4.5,2152,367,66,93,rest_day,carb_boost
792,2025-09-13,14643,1698,51,7.8,2071,378,132,59,rest_day,high_protein
793,2025-09-14,13798,3376,72,5.7,1678,296,148,114,recovery_high_steps,high_protein
794,2025-09-15,798,2957,69,5.8,1708,229,54,32,gentle_stretching,calorie_control
795,2025-09-16,11110,2231,55,5.6,2093,174,147,103,rest_day,high_protein
796,2025-09-17,5074,3249,68,6.7,1643,483,117,87,rest_day,high_protein
797,2025-09-18,1515,2450,84,8.9,2990,457,129,26,light_walk,high_protein
798,2025-09-19,15901,1966,74,9.3,2513,331,80,91,intense_workout,carb_boost
799,2025-09-20,3793,3255,65,8.7,3077,372,92,64,light_walk,carb_boost
800,2025-09-21,9164,2530,76,8.5,2017,314,35,48,rest_day,carb_boost
801,2025-09-22,19581,3444,66,7.7,3878,125,144,117,rest_day,high_protein
802,2025-09-23,9499,2398,60,9.0,3625,189,77,40,rest_day,balanced_plate
803,2025-09-24,18278,2745,57,9.1,2582,426,38,20,rest_day,carb_boost
804,2025-09-25,2716,1690,57,7.7,2207,134,32,26,light_walk,reduce_protein_add_carbs
805,2025-09-26,18714,1500,76,4.5,2466,271,116,60,recovery_high_steps,high_protein
806,2025-09-27,13434,2342,82,4.3,3007,264,134,78,recovery_high_steps,high_protein
807,2025-09-28,16766,1708,84,8.6,3083,323,32,66,intense_workout,carb_boost
808,2025-09-29,5565,2110,63,7.7,2840,194,46,43,rest_day,reduce_protein_add_carbs
809,2025-09-30,11891,2162,67,5.9,2217,434,108,89,rest_day,high_protein
810,2025-09-1,15386,1770,85,4.6,1886,289,76,96,recovery_high_steps,balanced_plate
811,2025-09-2,5480,3389,73,9.8,3224,355,123,32,rest_day,high_protein
812,2025-09-3,9216,2045,64,5.5,2388,448,127,101,rest_day,high_protein
813,2025-09-4,1990,3000,80,3.9,2420,137,43,27,gentle_stretching,reduce_protein_add_carbs
814,2025-09-5,15706,1809,51,3.5,2473,188,85,113,recovery_high_steps,balanced_plate
815,2025-09-6,4435,2096,71,4.4,3853,221,142,62,light_walk,high_protein
816,2025-09-7,8633,2002,51,9.5,3458,449,35,100,rest_day,carb_boost
817,2025-09-8,16344,1824,54,9.4,3051,406,134,56,rest_day,high_protein
818,2025-09-9,13799,3236,54,9.0,3357,364,136,119,rest_day,high_protein
819,2025-09-10,7509,2331,71,8.2,2962,256,67,116,rest_day,balanced_plate
820,2025-09-11,6240,2012,73,5.2,3672,181,56,62,rest_day,reduce_protein_add_carbs
821,2025-09-12,10298,3067,82,8.0,2628,327,89,89,intense_workout,carb_boost
822,2025-09-13,18749,2987,83,3.4,1971,155,142,32,recovery_high_steps,high_protein
823,2025-09-14,11703,2541,62,8.2,1670,394,90,61,rest_day,carb_boost
824,2025-09-15,13264,2602,67,9.1,1998,385,127,77,rest_day,high_protein
825,2025-09-16,3779,3358,56,6.4,3141,362,69,89,light_walk,carb_boost
826,2025-09-17,4565,3029,50,9.2,1551,469,136,48,light_walk,high_protein
827,2025-09-18,19348,1973,63,9.0,2954,431,71,70,rest_day,carb_boost
828,2025-09-19,11461,2651,69,8.8,2339,164,83,43,rest_day,balanced_plate
829,2025-09-20,9599,2954,56,4.3,2450,415,128,81,rest_day,high_protein
830,2025-09-21,13276,3057,60,9.3,3022,141,127,84,rest_day,high_protein
831,2025-09-22,13854,2681,67,5.1,1772,393,43,106,recovery_high_steps,carb_boost
832,2025-09-23,13272,2730,71,8.0,3410,156,73,117,intense_workout,balanced_plate
833,2025-09-24,18300,2396,70,6.8,3456,420,80,20,rest_day,carb_boost
834,2025-09-25,15124,3472,65,4.2,1560,153,69,45,recovery_high_steps,calorie_control
835,2025-09-26,2895,2487,50,8.9,3227,270,46,78,light_walk,balanced_plate
836,2025-09-27,534,2914,56,6.5,2504,305,107,35,light_walk,high_protein
837,2025-09-28,2706,1501,59,4.4,2604,239,99,41,light_walk,balanced_plate
838,2025-09-29,11112,2863,50,4.1,2721,310,47,25,rest_day,carb_boost
839,2025-09-30,14380,2620,72,9.7,1890,434,73,46,intense_workout,carb_boost
840,2025-09-1,6937,2620,64,7.9,2066,291,120,76,rest_day,high_protein
841,2025-09-2,3140,3352,51,8.3,2347,186,67,99,light_walk,balanced_plate
842,2025-09-3,17741,3448,75,8.4,3378,133,126,60,intense_workout,high_protein
843,2025-09-4,19112,3186,56,9.2,3579,386,111,62,rest_day,high_protein
844,2025-09-5,17000,2524,63,7.7,1725,257,129,40,rest_day,high_protein
845,2025-09-6,7099,2732,82,4.4,2714,269,80,83,rest_day,balanced_plate
846,2025-09-7,16075,1555,65,7.9,2073,254,57,100,rest_day,balanced_plate
847,2025-09-8,3565,1686,51,5.6,3661,298,42,34,light_walk,balanced_plate
848,2025-09-9,7382,1943,71,3.5,2485,302,103,44,rest_day,high_protein
849,2025-09-10,12388,1675,87,4.4,1843,465,149,116,recovery_high_steps,high_protein
850,2025-09-11,4823,1728,51,5.8,3543,417,117,28,light_walk,high_protein
851,2025-09-12,19267,2860,66,4.1,3915,193,69,77,recovery_high_steps,balanced_plate
852,2025-09-13,18122,2864,70,6.1,2424,251,103,36,rest_day,high_protein
853,2025-09-14,2321,3077,69,9.4,2605,116,102,33,light_walk,high_protein
854,2025-09-15,19888,1656,80,3.0,2927,475,149,66,recovery_high_steps,high_protein
855,2025-09-16,11468,2602,76,6.3,2496,346,48,109,intense_workout,carb_boost
856,2025-09-17,14259,2037,74,7.8,1591,437,125,72,intense_workout,high_protein
857,2025-09-18,14785,2309,68,7.0,1676,283,92,22,rest_day,calorie_control
858,2025-09-19,5994,2572,75,5.5,2831,455,146,26,rest_day,high_protein
859,2025-09-20,9261,1801,85,8.6,2712,409,91,20,rest_day,carb_boost
860,2025-09-21,6704,3060,59,3.4,1643,299,58,111,rest_day,calorie_control
861,2025-09-22,11397,3435,69,4.3,2857,398,55,109,rest_day,carb_boost
862,2025-09-23,12486,2684,75,3.2,2223,162,96,71,recovery_high_steps,balanced_plate
863,2025-09-24,67,3288,75,9.7,1897,207,59,68,light_walk,balanced_plate
864,2025-09-25,8747,3452,62,7.3,3829,248,57,67,rest_day,balanced_plate
865,2025-09-26,10151,3101,58,5.5,3851,479,31,103,rest_day,carb_boost
866,2025-09-27,1299,3222,52,6.4,3035,199,107,35,light_walk,high_protein
867,2025-09-28,11602,2173,55,6.5,1777,117,41,71,rest_day,reduce_protein_add_carbs
868,2025-09-29,12410,2769,79,5.3,2594,147,48,25,recovery_high_steps,reduce_protein_add_carbs
869,2025-09-30,2131,2678,86,8.4,1942,168,40,34,light_walk,reduce_protein_add_carbs
870,2025-09-1,12479,2910,54,7.9,2532,370,32,112,rest_day,carb_boost
871,2025-09-2,13465,1904,57,5.3,1921,427,135,107,recovery_high_steps,high_protein
872,2025-09-3,19324,2046,63,4.9,3329,463,148,53,recovery_high_steps,high_protein
873,2025-09-4,3240,2021,66,3.8,2382,356,41,23,light_walk,carb_boost
874,2025-09-5,13708,2365,70,7.3,3744,118,31,31,rest_day,reduce_protein_add_carbs
875,2025-09-6,8521,2365,55,4.3,3854,366,92,76,rest_day,carb_boost
876,2025-09-7,6795,2340,51,6.7,3174,223,82,119,rest_day,balanced_plate
877,2025-09-8,1545,1968,69,4.8,2373,352,43,73,gentle_stretching,carb_boost
878,2025-09-9,9045,3184,79,9.5,3763,442,36,28,rest_day,carb_boost
879,2025-09-10,13440,1909,87,8.9,3079,185,73,93,intense_workout,balanced_plate
880,2025-09-11,15734,2969,55,6.9,1741,393,53,70,rest_day,carb_boost
881,2025-09-12,15479,2211,70,6.6,3604,481,68,107,rest_day,carb_boost
882,2025-09-13,15802,2541,77,3.7,3899,403,71,46,recovery_high_steps,carb_boost
883,2025-09-14,17400,2703,81,9.9,1524,430,52,117,intense_workout,carb_boost
884,2025-09-15,6200,1679,89,8.8,1976,386,93,90,rest_day,carb_boost
885,2025-09-16,13543,1788,70,4.8,3776,325,113,54,recovery_high_steps,high_protein
886,2025-09-17,4497,2121,73,7.3,3065,271,82,29,light_walk,balanced_plate
887,2025-09-18,8627,1676,60,9.1,2684,112,69,108,rest_day,balanced_plate
888,2025-09-19,16195,2565,68,7.8,2361,374,87,42,rest_day,carb_boost
889,2025-09-20,13562,2833,65,5.2,2291,133,82,27,recovery_high_steps,balanced_plate
890,2025-09-21,16388,2933,79,3.4,2862,384,32,109,recovery_high_steps,carb_boost
891,2025-09-22,2663,2390,61,9.3,2631,255,111,96,light_walk,high_protein
892,2025-09-23,14820,2481,61,3.6,2496,490,55,109,recovery_high_steps,carb_boost
893,2025-09-24,19543,2727,65,3.2,1753,287,102,51,recovery_high_steps,high_protein
894,2025-09-25,11022,2496,62,7.5,2692,280,139,69,rest_day,high_protein
895,2025-09-26,654,2885,56,8.3,1915,454,44,119,light_walk,carb_boost
896,2025-09-27,18260,2209,50,4.5,1525,250,122,104,recovery_high_steps,high_protein
897,2025-09-28,6380,2508,76,8.9,2162,222,45,113,rest_day,balanced_plate
898,2025-09-29,12476,1754,53,8.9,2373,399,41,109,rest_day,carb_boost
899,2025-09-30,1007,1852,77,6.5,1783,411,128,88,light_walk,high_protein
900,2025-09-1,877,2749,62,6.1,2888,467,87,97,light_walk,carb_boost
901,2025-09-2,7242,2565,87,4.9,2044,170,85,91,rest_day,balanced_plate
902,2025-09-3,19556,2267,59,3.2,2154,265,44,24,recovery_high_steps,balanced_plate
903,2025-09-4,8412,3118,59,5.1,3551,450,47,99,rest_day,carb_boost
904,2025-09-5,8167,2303,74,5.8,2943,200,96,28,rest_day,balanced_plate
905,2025-09-6,16956,2832,67,8.2,3033,162,148,117,rest_day,high_protein
906,2025-09-7,1997,2271,78,7.3,1928,306,57,61,light_walk,carb_boost
907,2025-09-8,3407,2087,54,5.0,3915,350,120,107,light_walk,high_protein
908,2025-09-9,8098,3209,88,3.1,2969,393,52,41,rest_day,carb_boost
909,2025-09-10,8624,1558,58,7.1,3762,485,78,107,rest_day,carb_boost
910,2025-09-11,3815,1746,80,6.6,2691,147,80,62,light_walk,balanced_plate
911,2025-09-12,4022,3251,75,7.1,2984,498,56,87,light_walk,carb_boost
912,2025-09-13,15823,2459,79,5.7,2206,313,142,105,recovery_high_steps,high_protein
913,2025-09-14,5233,2516,61,6.8,3347,295,124,63,rest_day,high_protein
914,2025-09-15,7865,3378,69,3.4,1664,244,143,56,rest_day,high_protein
915,2025-09-16,4428,1902,79,7.3,3753,161,65,119,light_walk,balanced_plate
916,2025-09-17,13779,2319,68,6.3,3975,216,97,53,rest_day,balanced_plate
917,2025-09-18,14017,1824,59,6.2,2820,330,98,29,rest_day,carb_boost
918,2025-09-19,13833,2881,76,9.9,3939,292,121,97,intense_workout,high_protein
919,2025-09-20,7892,1548,58,3.3,3201,270,92,38,rest_day,balanced_plate
920,2025-09-21,3555,2829,82,3.8,2515,196,91,112,light_walk,balanced_plate
921,2025-09-22,3626,3468,85,6.3,3642,361,86,20,light_walk,carb_boost
922,2025-09-23,13382,3477,76,7.3,1626,179,85,106,intense_workout,calorie_control
923,2025-09-24,3443,2415,87,5.0,1655,104,149,40,light_walk,high_protein
924,2025-09-25,13841,3466,55,9.7,1518,483,126,84,rest_day,high_protein
925,2025-09-26,14572,2910,70,5.7,2051,422,54,74,recovery_high_steps,carb_boost
926,2025-09-27,6099,2959,83,5.1,2891,297,144,96,rest_day,high_protein
927,2025-09-28,5616,3122,58,3.0,2845,374,112,26,rest_day,high_protein
928,2025-09-29,8894,3077,69,8.5,1782,357,92,81,rest_day,carb_boost
929,2025-09-30,13330,3052,54,10.0,2896,345,100,100,rest_day,carb_boost
930,2025-09-1,5670,3071,89,4.2,3521,296,59,95,rest_day,balanced_plate
931,2025-09-2,14531,2227,78,4.6,1806,251,43,88,recovery_high_steps,balanced_plate
932,2025-09-3,17106,2279,67,5.6,1843,302,128,42,recovery_high_steps,high_protein
933,2025-09-4,8400,2140,64,3.2,3818,287,64,105,rest_day,balanced_plate
934,2025-09-5,17483,3183,50,4.3,3656,228,39,66,recovery_high_steps,balanced_plate
935,2025-09-6,1850,2619,88,6.6,2669,467,75,51,light_walk,carb_boost
936,2025-09-7,7194,3255,67,7.6,3468,181,73,91,rest_day,balanced_plate
937,2025-09-8,1502,3289,83,5.6,2925,137,88,28,gentle_stretching,balanced_plate
938,2025-09-9,10234,2212,57,9.8,2093,488,43,111,rest_day,carb_boost
939,2025-09-10,9219,1666,69,5.3,3741,334,107,41,rest_day,high_protein
940,2025-09-11,11422,2802,69,4.6,1567,187,118,20,rest_day,high_protein
941,2025-09-12,5470,1639,54,8.0,2881,479,41,37,rest_day,carb_boost
942,2025-09-13,12873,1962,79,7.5,3564,295,100,81,intense_workout,balanced_plate
943,2025-09-14,17886,2775,88,7.7,2209,144,87,70,intense_workout,balanced_plate
944,2025-09-15,8061,1917,64,3.2,2939,102,115,105,rest_day,high_protein
945,2025-09-16,11826,3102,61,6.4,2156,106,42,85,rest_day,reduce_protein_add_carbs
946,2025-09-17,11267,2661,88,8.0,2575,233,112,88,intense_workout,high_protein
947,2025-09-18,13004,2222,70,5.7,1651,358,97,59,recovery_high_steps,carb_boost
948,2025-09-19,687,1809,84,4.9,1972,395,106,87,gentle_stretching,high_protein
949,2025-09-20,845,2664,76,7.5,2943,331,142,118,light_walk,high_protein
950,2025-09-21,18256,2269,62,5.9,2319,447,72,109,recovery_high_steps,carb_boost
951,2025-09-22,2581,2890,52,5.1,1941,495,117,88,light_walk,high_protein
952,2025-09-23,14419,3138,88,3.4,3348,280,138,31,recovery_high_steps,high_protein
953,2025-09-24,1548,2643,59,4.1,3587,473,109,64,gentle_stretching,high_protein
954,2025-09-25,5666,1758,54,6.6,3417,426,146,75,rest_day,high_protein
955,2025-09-26,3945,2639,83,6.1,2338,165,99,60,light_walk,balanced_plate
956,2025-09-27,10686,1915,69,5.3,3469,495,100,58,rest_day,carb_boost
957,2025-09-28,16016,3080,60,4.1,2614,337,99,57,recovery_high_steps,carb_boost
958,2025-09-29,19073,1713,69,3.8,3287,468,122,91,recovery_high_steps,high_protein
959,2025-09-30,5408,3313,54,3.2,2689,473,146,56,rest_day,high_protein
960,2025-09-1,7645,3278,80,5.1,3114,269,77,63,rest_day,balanced_plate
961,2025-09-2,6368,1515,87,4.0,3897,496,70,99,rest_day,carb_boost
962,2025-09-3,19830,2615,88,8.8,3382,449,87,46,intense_workout,carb_boost
963,2025-09-4,10367,3042,87,5.7,2487,325,82,34,intense_workout,carb_boost
964,2025-09-5,223,1653,80,7.0,1848,281,80,58,light_walk,balanced_plate
965,2025-09-6,15229,2526,78,9.5,3644,457,87,94,intense_workout,carb_boost
966,2025-09-7,11232,1520,88,9.8,1565,190,65,94,intense_workout,calorie_control
967,2025-09-8,4433,1622,50,6.6,1780,142,131,103,light_walk,high_protein
968,2025-09-9,1986,2202,51,8.8,1991,168,38,21,light_walk,reduce_protein_add_carbs
969,2025-09-10,1211,1729,80,7.5,2001,184,78,89,light_walk,balanced_plate
970,2025-09-11,19439,2188,52,6.3,2505,317,90,104,rest_day,carb_boost
971,2025-09-12,3052,2869,87,5.1,3107,360,44,35,light_walk,carb_boost
972,2025-09-13,9472,3179,86,4.0,3594,450,42,99,rest_day,carb_boost
973,2025-09-14,16532,3357,76,8.7,3221,417,131,65,intense_workout,high_protein
974,2025-09-15,5336,3430,57,4.7,2128,298,93,40,rest_day,balanced_plate
975,2025-09-16,8391,1870,70,8.3,2287,363,87,65,rest_day,carb_boost
976,2025-09-17,10270,3021,78,6.8,3189,493,58,99,intense_workout,carb_boost
977,2025-09-18,12067,2607,86,3.4,2930,331,122,99,recovery_high_steps,high_protein
978,2025-09-19,4709,1911,87,4.4,1872,324,102,110,light_walk,high_protein
979,2025-09-20,17948,3470,77,7.1,2226,320,34,61,intense_workout,carb_boost
980,2025-09-21,11910,2565,85,5.0,2581,401,95,44,intense_workout,carb_boost
981,2025-09-22,14196,2422,50,3.5,2447,252,83,86,recovery_high_steps,balanced_plate
982,2025-09-23,564,3101,67,8.8,3751,249,66,39,light_walk,balanced_plate
983,2025-09-24,9583,2735,50,3.1,3420,216,145,113,rest_day,high_protein
984,2025-09-25,12392,1994,52,8.0,2854,315,115,83,rest_day,high_protein
985,2025-09-26,5611,3336,75,6.4,2981,134,53,47,rest_day,reduce_protein_add_carbs
986,2025-09-27,1507,3499,89,4.0,3500,342,83,98,gentle_stretching,carb_boost
987,2025-09-28,1294,2260,83,7.2,3253,214,97,62,light_walk,balanced_plate
988,2025-09-29,18825,2598,67,9.9,1796,277,116,90,rest_day,high_protein
989,2025-09-30,14650,2562,52,4.8,3596,125,62,67,recovery_high_steps,balanced_plate
990,2025-09-1,7169,2500,56,4.6,1775,216,65,51,rest_day,calorie_control
991,2025-09-2,5147,2856,50,6.3,2046,211,59,73,rest_day,balanced_plate
992,2025-09-3,18467,1938,74,6.6,3100,424,80,41,intense_workout,carb_boost
993,2025-09-4,17002,2632,86,3.7,3199,167,65,71,recovery_high_steps,balanced_plate
994,2025-09-5,7633,1933,65,7.6,3057,165,50,119,rest_day,reduce_protein_add_carbs
995,2025-09-6,2431,3335,88,3.1,2808,409,119,104,light_walk,high_protein
996,2025-09-7,4766,2766,58,6.0,1600,101,145,67,light_walk,high_protein
997,2025-09-8,237,2409,82,9.9,3477,101,144,60,light_walk,high_protein
998,2025-09-9,13434,2752,67,5.7,1639,128,36,33,recovery_high_steps,reduce_protein_add_carbs
999,2025-09-10,5131,3390,54,8.3,2629,131,103,62,rest_day,high_protein
